{"cameraMode":{"drawMode":0,"name":"Shaded","section":"Shading Mode"},"sceneLighting":true,"audioPlay":false,"sceneViewState":{"m_AlwaysRefresh":false,"showFog":true,"showSkybox":true,"showFlares":true,"showImageEffects":true,"showParticleSystems":true,"showVisualEffectGraphs":true,"m_FxEnabled":true},"in2DMode":false,"pivot":{"x":-0.30291563272476199,"y":-1.8472833633422852,"z":2.7607879638671877},"rotation":{"x":0.2840360999107361,"y":-0.0008605556795373559,"z":0.0002560956636443734,"w":0.958816647529602},"size":11.05771541595459,"orthographic":false}