{"cameraMode":{"drawMode":0,"name":"Shaded","section":"Shading Mode"},"sceneLighting":true,"audioPlay":false,"sceneViewState":{"m_AlwaysRefresh":false,"showFog":true,"showSkybox":true,"showFlares":true,"showImageEffects":true,"showParticleSystems":true,"showVisualEffectGraphs":true,"m_FxEnabled":true},"in2DMode":false,"pivot":{"x":-0.4222990572452545,"y":3.594053268432617,"z":-13.437655448913575},"rotation":{"x":0.15774968266487122,"y":0.0077381255105137829,"z":-0.001285960664972663,"w":0.9875031113624573},"size":1.407317876815796,"orthographic":false}