{"cameraMode":{"drawMode":0,"name":"Shaded","section":"Shading Mode"},"sceneLighting":true,"audioPlay":false,"sceneViewState":{"m_AlwaysRefresh":false,"showFog":true,"showSkybox":true,"showFlares":true,"showImageEffects":true,"showParticleSystems":true,"showVisualEffectGraphs":true,"m_FxEnabled":true},"in2DMode":false,"pivot":{"x":-4.585055351257324,"y":11.212125778198243,"z":0.9455184936523438},"rotation":{"x":0.045584868639707568,"y":-0.06162572279572487,"z":0.003048621118068695,"w":0.997078001499176},"size":10.061530113220215,"orthographic":false}