{"cameraMode":{"drawMode":0,"name":"Shaded","section":"Shading Mode"},"sceneLighting":true,"audioPlay":false,"sceneViewState":{"m_AlwaysRefresh":false,"showFog":true,"showSkybox":true,"showFlares":true,"showImageEffects":true,"showParticleSystems":true,"showVisualEffectGraphs":true,"m_FxEnabled":true},"in2DMode":false,"pivot":{"x":-0.14135432243347169,"y":0.5412938594818115,"z":1.431624412536621},"rotation":{"x":-0.04171348735690117,"y":-0.1646866500377655,"z":0.007009047549217939,"w":-0.9854615926742554},"size":1.7633150815963746,"orthographic":false}