{"cameraMode":{"drawMode":0,"name":"Shaded","section":"Shading Mode"},"sceneLighting":true,"audioPlay":false,"sceneViewState":{"m_AlwaysRefresh":false,"showFog":true,"showSkybox":true,"showFlares":true,"showImageEffects":true,"showParticleSystems":true,"showVisualEffectGraphs":true,"m_FxEnabled":true},"in2DMode":false,"pivot":{"x":-26.254261016845704,"y":15.262260437011719,"z":-40.635475158691409},"rotation":{"x":-0.0629366785287857,"y":-0.1025211364030838,"z":0.006477068644016981,"w":-0.9927422404289246},"size":2.0633151531219484,"orthographic":false}